lokalid;kommunenummer;kommunenavn;adressetype;adressetilleggsnavn;adressetilleggsnavnKilde;adressekode;adressenavn;nummer;bokstav;gardsnummer;bruksnummer;festenummer;undernummer;adresseTekst;adresseTekstUtenAdressetilleggsnavn;EPSG-kode;Nord;Øst;postnummer;poststed;grunnkretsnummer;grunnkretsnavn;soknenummer;soknenavn;organisasjonsnummer;tettstednummer;tettstednavn;valgkretsnummer;valgkretsnavn;oppdateringsdato;datauttaksdato;adresseId;uuidAdresse;atkomstId;uuidAtkomst;atkomstNord;atkomstØst;sommeratkomstId;uuidSommeratkomst;sommeratkomstNord;sommeratkomstØst;vinteratkomstId;uuidVinteratkomst;vinteratkomstNord;vinteratkomstØst
82660258;3815;DRANGEDAL;vegadresse;;;1130;Steinslandsveien;4;;48;119;;;Steinslandsveien 4;Steinslandsveien 4;25833;6573632.79;146502.52;3753;TØRDAL;38150103;BØ;05090503;Tørdal;976991451;;;21;TØRDAL;15.06.2020 16:31:58.195;11.01.2023 23:25:35;82660258;33e84ae2-495d-597e-8c42-3e8715fe1b87;;;;;;;;;;;;
82660284;3815;DRANGEDAL;vegadresse;;;1210;Oseidveien;139;;6;12;;;Oseidveien 139;Oseidveien 139;25833;6572448.73;156782.08;3750;DRANGEDAL;38150202;ÅKRE/SÆTRE;05090501;Drangedal;876991462;;;2;ÅKRE;15.06.2020 16:31:58.195;11.01.2023 23:25:35;82660284;b8bdbf87-d2d6-5626-b117-0cfbed36dfb1;;;;;;;;;;;;
82660287;3815;DRANGEDAL;vegadresse;;;1210;Oseidveien;23;;6;18;;;Oseidveien 23;Oseidveien 23;25833;6572266.79;157906.91;3750;DRANGEDAL;38150202;ÅKRE/SÆTRE;05090501;Drangedal;876991462;;;2;ÅKRE;15.06.2020 16:31:58.195;11.01.2023 23:25:35;82660287;e92b59db-e6c2-5531-a019-636477c63ada;;;;;;;;;;;;
82660286;3815;DRANGEDAL;vegadresse;;;1036;Singusdalsveien;245;;6;17;;;Singusdalsveien 245;Singusdalsveien 245;25833;6572622.14;158091.81;3750;DRANGEDAL;38150202;ÅKRE/SÆTRE;05090501;Drangedal;876991462;;;2;ÅKRE;15.06.2020 16:31:58.195;11.01.2023 23:25:35;82660286;e00e5caf-c1de-548b-8b83-ce0e0334af6a;;;;;;;;;;;;
82660281;3815;DRANGEDAL;vegadresse;;;1036;Singusdalsveien;438;;5;27;;;Singusdalsveien 438;Singusdalsveien 438;25833;6573857.93;156866.01;3750;DRANGEDAL;38150202;ÅKRE/SÆTRE;05090501;Drangedal;876991462;;;2;ÅKRE;15.06.2020 16:31:58.195;11.01.2023 23:25:35;82660281;84d2f5f1-d020-5073-a600-2c4a8c651a69;;;;;;;;;;;;
82660280;3815;DRANGEDAL;vegadresse;;;1036;Singusdalsveien;363;;5;1;;;Singusdalsveien 363;Singusdalsveien 363;25833;6573528.77;157493.91;3750;DRANGEDAL;38150202;ÅKRE/SÆTRE;05090501;Drangedal;876991462;;;2;ÅKRE;15.06.2020 16:31:58.195;11.01.2023 23:25:35;82660280;876077ca-ad99-55c8-b398-7e64f746d99e;;;;;;;;;;;;
82660283;3815;DRANGEDAL;vegadresse;;;1210;Oseidveien;190;;6;102;;;Oseidveien 190;Oseidveien 190;25833;6571902.45;156629.21;3750;DRANGEDAL;38150202;ÅKRE/SÆTRE;05090501;Drangedal;876991462;;;2;ÅKRE;15.06.2020 16:31:58.195;11.01.2023 23:25:35;82660283;2cf00a26-cd17-51c7-9cd7-ac0bc0572403;;;;;;;;;;;;
82660282;3815;DRANGEDAL;vegadresse;;;1036;Singusdalsveien;421;;5;23;;;Singusdalsveien 421;Singusdalsveien 421;25833;6573959.24;157058.15;3750;DRANGEDAL;38150202;ÅKRE/SÆTRE;05090501;Drangedal;876991462;;;2;ÅKRE;15.06.2020 16:31:58.195;11.01.2023 23:25:35;82660282;ab5a343b-12f3-53e0-ad03-33e23865ad3b;;;;;;;;;;;;
82660277;3815;DRANGEDAL;vegadresse;;;1036;Singusdalsveien;785;;4;5;;;Singusdalsveien 785;Singusdalsveien 785;25833;6576206.07;154690.83;3750;DRANGEDAL;38150201;SINGUSDAL;05090501;Drangedal;876991462;;;2;ÅKRE;15.06.2020 16:31:58.195;11.01.2023 23:25:35;82660277;6ae3a516-dd20-581e-bbba-6abaa8b20294;;;;;;;;;;;;
82660276;3815;DRANGEDAL;vegadresse;;;1206;Eikåsveien;185;;4;19;;;Eikåsveien 185;Eikåsveien 185;25833;6574230.47;154776.97;3750;DRANGEDAL;38150201;SINGUSDAL;05090501;Drangedal;876991462;;;2;ÅKRE;15.06.2020 16:31:58.195;11.01.2023 23:25:35;82660276;ebdca63c-d51d-51a7-a0a5-1921df84b54d;;;;;;;;;;;;
82660279;3815;DRANGEDAL;vegadresse;;;1270;Breili;328;;4;12;;;Breili 328;Breili 328;25833;6577101.22;156526.28;3750;DRANGEDAL;38150201;SINGUSDAL;05090501;Drangedal;876991462;;;2;ÅKRE;15.06.2020 16:31:58.195;11.01.2023 23:25:35;82660279;af1b0606-4733-5a88-a355-894861ee81db;;;;;;;;;;;;
82660278;3815;DRANGEDAL;vegadresse;;;1204;Lauvdalsveien;70;;4;11;;;Lauvdalsveien 70;Lauvdalsveien 70;25833;6574643.33;156664.4;3750;DRANGEDAL;38150201;SINGUSDAL;05090501;Drangedal;876991462;;;2;ÅKRE;15.06.2020 16:31:58.195;11.01.2023 23:25:35;82660278;b3899f31-638c-5a6a-a023-f6fa97e0d5f3;;;;;;;;;;;;
82660273;3815;DRANGEDAL;vegadresse;;;1270;Breili;379;;4;1;1;;Breili 379;Breili 379;25833;6577547.03;156388.55;3750;DRANGEDAL;38150201;SINGUSDAL;05090501;Drangedal;876991462;;;2;ÅKRE;15.06.2020 16:31:58.195;11.01.2023 23:25:35;82660273;3d60d65c-68e5-5297-b10d-24d53a664d68;;;;;;;;;;;;
82660272;3815;DRANGEDAL;vegadresse;;;1208;Omlandsveien;56;;2;10;;;Omlandsveien 56;Omlandsveien 56;25833;6580461.0;155074.99;3750;DRANGEDAL;38150201;SINGUSDAL;05090501;Drangedal;876991462;;;2;ÅKRE;15.06.2020 16:31:58.195;11.01.2023 23:25:35;82660272;e2dcf4f4-073b-5399-99d4-171ca89f02a0;;;;;;;;;;;;
82660275;3815;DRANGEDAL;vegadresse;;;1206;Eikåsveien;406;;4;4;;;Eikåsveien 406;Eikåsveien 406;25833;6573582.57;152585.75;3750;DRANGEDAL;38150201;SINGUSDAL;05090501;Drangedal;876991462;;;2;ÅKRE;15.06.2020 16:31:58.195;11.01.2023 23:25:35;82660275;77696f85-fd37-5b6d-97d4-c57621dea3c4;;;;;;;;;;;;
82660274;3815;DRANGEDAL;vegadresse;;;1206;Eikåsveien;424;;4;3;;;Eikåsveien 424;Eikåsveien 424;25833;6573636.85;152541.37;3750;DRANGEDAL;38150201;SINGUSDAL;05090501;Drangedal;876991462;;;2;ÅKRE;15.06.2020 16:31:58.195;11.01.2023 23:25:35;82660274;ba61d45b-de6d-5d0c-8ef7-2ac3a0233da9;;;;;;;;;;;;
82660237;3815;DRANGEDAL;vegadresse;;;1124;Rekvikveien;7;;41;87;;;Rekvikveien 7;Rekvikveien 7;25833;6568614.07;150037.25;3750;DRANGEDAL;38150101;BUSTRAK;05090503;Tørdal;976991451;;;17;BOSTRAK;15.06.2020 16:31:58.195;11.01.2023 23:25:35;82660237;acf85b25-4553-5585-8e9e-286fc36ecd71;;;;;;;;;;;;
82660236;3815;DRANGEDAL;vegadresse;;;1123;Rekvikåsen;1;;41;4;19;;Rekvikåsen 1;Rekvikåsen 1;25833;6568520.35;150080.69;3750;DRANGEDAL;38150101;BUSTRAK;05090503;Tørdal;976991451;;;17;BOSTRAK;15.06.2020 16:31:58.195;11.01.2023 23:25:35;82660236;850fa6cf-7ee6-50d8-bdce-a86b1636c13e;;;;;;;;;;;;
82660239;3815;DRANGEDAL;vegadresse;;;1129;Kleppeveien;892;;53;2;7;;Kleppeveien 892;Kleppeveien 892;25833;6576533.29;141073.48;3753;TØRDAL;38150103;BØ;05090503;Tørdal;976991451;;;21;TØRDAL;15.06.2020 16:31:58.195;11.01.2023 23:25:35;82660239;bacbe48e-f27e-57ca-8f32-29a50d86d412;;;;;;;;;;;;
82660238;3815;DRANGEDAL;vegadresse;;;2009;Vanntårnbakken;4;;24;172;;;Vanntårnbakken 4;Vanntårnbakken 4;25833;6552034.18;165130.15;3760;NESLANDSVATN;38150303;NESLANDSVATN;05090502;Kroken;976991478;3062;Neslandsvatn;9;KROKEN;15.06.2020 16:31:58.195;11.01.2023 23:25:35;82660238;364f0ff5-0138-5cca-bbc6-7878268d3211;;;;;;;;;;;;
82660233;3815;DRANGEDAL;vegadresse;;;1043;Fjellgårdsveien;426;;42;49;;;Fjellgårdsveien 426;Fjellgårdsveien 426;25833;6566644.57;147219.57;3750;DRANGEDAL;38150101;BUSTRAK;05090503;Tørdal;976991451;;;17;BOSTRAK;15.06.2020 16:31:58.195;11.01.2023 23:25:35;82660233;c8ce6812-ed76-5bbe-a261-c4676a4d29d6;;;;;;;;;;;;
82660232;3815;DRANGEDAL;vegadresse;;;1098;Tokefjorden;26;;29;1;2;;Tokefjorden 26;Tokefjorden 26;25833;6562268.89;161378.04;3750;DRANGEDAL;38150209;VOJE;05090501;Drangedal;876991462;;;14;SOLBERG;15.06.2020 16:31:58.195;11.01.2023 23:25:35;82660232;719b87f7-3e2c-5594-8455-b348d00d6737;;;;;;;;;;;;
82660235;3815;DRANGEDAL;vegadresse;;;1001;Tørdalsveien;3093;;62;35;;;Tørdalsveien 3093;Tørdalsveien 3093;25833;6581077.16;141793.49;3753;TØRDAL;38150105;TØRDAL;05090503;Tørdal;976991451;;;21;TØRDAL;15.06.2020 16:31:58.195;11.01.2023 23:25:35;82660235;4a435518-c6e3-5299-8217-28fc88880709;;;;;;;;;;;;
82660234;3815;DRANGEDAL;vegadresse;;;1123;Rekvikåsen;6;;41;4;17;;Rekvikåsen 6;Rekvikåsen 6;25833;6568552.75;150122.83;3750;DRANGEDAL;38150101;BUSTRAK;05090503;Tørdal;976991451;;;17;BOSTRAK;15.06.2020 16:31:58.195;11.01.2023 23:25:35;82660234;f8989b49-3a10-574f-81f5-50dec9ad220e;;;;;;;;;;;;
82660228;3815;DRANGEDAL;vegadresse;;;1153;Breiliveien;98;;42;48;;;Breiliveien 98;Breiliveien 98;25833;6564145.8;147128.99;3750;DRANGEDAL;38150101;BUSTRAK;05090503;Tørdal;976991451;;;17;BOSTRAK;15.06.2020 16:31:58.195;11.01.2023 23:25:35;82660228;41855f63-9f10-5ed0-836a-0f6e04d1979a;;;;;;;;;;;;
82660231;3815;DRANGEDAL;vegadresse;;;1142;Grytdalsveien;103;;65;9;;;Grytdalsveien 103;Grytdalsveien 103;25833;6583698.8;139189.29;3753;TØRDAL;38150105;TØRDAL;05090503;Tørdal;976991451;;;21;TØRDAL;15.06.2020 16:31:58.195;11.01.2023 23:25:35;82660231;7d243721-4ade-5174-9d1a-cd748ee88c2d;;;;;;;;;;;;
82660230;3815;DRANGEDAL;vegadresse;;;1098;Tokefjorden;28;;29;1;1;;Tokefjorden 28;Tokefjorden 28;25833;6562252.06;161430.81;3750;DRANGEDAL;38150209;VOJE;05090501;Drangedal;876991462;;;14;SOLBERG;15.06.2020 16:31:58.195;11.01.2023 23:25:35;82660230;20a6c3cb-d534-52aa-a7bb-2a2b8b1a203c;;;;;;;;;;;;
82660225;3815;DRANGEDAL;vegadresse;;;1166;Rytterveien;7;;44;303;;;Rytterveien 7;Rytterveien 7;25833;6563882.37;140592.86;3750;DRANGEDAL;38150102;LIA;05090503;Tørdal;976991451;;;17;BOSTRAK;15.06.2020 16:31:58.195;11.01.2023 23:25:35;82660225;3835f27c-43cf-58d6-80e3-8473f6256cd7;;;;;;;;;;;;
82660224;3815;DRANGEDAL;vegadresse;;;1208;Omlandsveien;75;;3;1;1;;Omlandsveien 75;Omlandsveien 75;25833;6579717.67;155025.26;3750;DRANGEDAL;38150201;SINGUSDAL;05090501;Drangedal;876991462;;;2;ÅKRE;15.06.2020 16:31:58.195;11.01.2023 23:25:35;82660224;b467f9f2-99bc-5f96-acae-3bec5778a833;;;;;;;;;;;;
82660227;3815;DRANGEDAL;vegadresse;;;1077;Nordre Havna;14;;24;168;;;Nordre Havna 14;Nordre Havna 14;25833;6551712.27;164730.15;3760;NESLANDSVATN;38150303;NESLANDSVATN;05090502;Kroken;976991478;3062;Neslandsvatn;9;KROKEN;15.06.2020 16:31:58.195;11.01.2023 23:25:35;82660227;4719e086-5872-56c0-b8be-61d59af2c2a5;;;;;;;;;;;;
82660226;3815;DRANGEDAL;vegadresse;;;1133;Skjeggfossveien;8;;48;113;;;Skjeggfossveien 8;Skjeggfossveien 8;25833;6574173.71;146169.21;3753;TØRDAL;38150103;BØ;05090503;Tørdal;976991451;;;21;TØRDAL;15.06.2020 16:31:58.195;11.01.2023 23:25:35;82660226;3252b906-3185-5c3c-832f-fb6a7feaebf0;;;;;;;;;;;;
82660253;3815;DRANGEDAL;vegadresse;;;1057;Harkjæråsen;35;;19;96;;;Harkjæråsen 35;Harkjæråsen 35;25833;6546948.97;163083.69;3760;NESLANDSVATN;38150304;BRODSJØ;05090502;Kroken;976991478;;;9;KROKEN;15.06.2020 16:31:58.195;11.01.2023 23:25:35;82660253;9cf94737-ade0-52ab-9267-9ed465ee6598;;;;;;;;;;;;
82660252;3815;DRANGEDAL;vegadresse;;;1177;Blekaveien;32;;44;1;54;;Blekaveien 32;Blekaveien 32;25833;6562804.19;140337.77;3750;DRANGEDAL;38150102;LIA;05090503;Tørdal;976991451;;;17;BOSTRAK;15.06.2020 16:31:58.195;11.01.2023 23:25:35;82660252;e9d999c4-f8d8-5a4c-8123-36f02735e4fc;;;;;;;;;;;;
82660255;3815;DRANGEDAL;vegadresse;;;1001;Tørdalsveien;2793;;59;9;;;Tørdalsveien 2793;Tørdalsveien 2793;25833;6581045.29;144401.34;3753;TØRDAL;38150104;LONE;05090503;Tørdal;976991451;;;21;TØRDAL;15.06.2020 16:31:58.195;11.01.2023 23:25:35;82660255;7c0d44ac-3060-59dc-bfbf-3cf51b26d58a;;;;;;;;;;;;
82660254;3815;DRANGEDAL;vegadresse;;;1037;Kjosveien;568;;11;63;;;Kjosveien 568;Kjosveien 568;25833;6569035.94;162367.34;3750;DRANGEDAL;38150204;TVEIT;05090501;Drangedal;876991462;;;14;SOLBERG;15.06.2020 16:31:58.195;11.01.2023 23:25:35;82660254;6ab93f4e-8a55-5937-9aa8-cb781e4d7041;;;;;;;;;;;;
82660249;3815;DRANGEDAL;vegadresse;;;1150;Åseveien;47;;42;51;;;Åseveien 47;Åseveien 47;25833;6567071.14;146637.59;3750;DRANGEDAL;38150101;BUSTRAK;05090503;Tørdal;976991451;;;17;BOSTRAK;15.06.2020 16:31:58.195;11.01.2023 23:25:35;82660249;4db1eb7d-ef29-517e-ade1-3e3bab8cccd2;;;;;;;;;;;;
82660250;3815;DRANGEDAL;vegadresse;;;1177;Blekaveien;35;;44;1;53;;Blekaveien 35;Blekaveien 35;25833;6562637.34;140336.8;3750;DRANGEDAL;38150102;LIA;05090503;Tørdal;976991451;;;17;BOSTRAK;15.06.2020 16:31:58.195;11.01.2023 23:25:35;82660250;3400a5f8-ae11-570e-ade5-9e3e2e315ebd;;;;;;;;;;;;
82660245;3815;DRANGEDAL;vegadresse;;;1031;Jerpedalsveien;19;;32;173;;;Jerpedalsveien 19;Jerpedalsveien 19;25833;6566653.23;159176.21;3750;DRANGEDAL;38150207;PRESTSTRANDA;05090501;Drangedal;876991462;3061;Preststranda;14;SOLBERG;15.06.2020 16:31:58.195;11.01.2023 23:25:35;82660245;1884291f-7541-5650-9802-56671ea70621;;;;;;;;;;;;
82660244;3815;DRANGEDAL;vegadresse;;;1031;Jerpedalsveien;26;;32;175;;;Jerpedalsveien 26;Jerpedalsveien 26;25833;6566651.38;159263.53;3750;DRANGEDAL;38150207;PRESTSTRANDA;05090501;Drangedal;876991462;3061;Preststranda;14;SOLBERG;15.06.2020 16:31:58.195;11.01.2023 23:25:35;82660244;eeebe1b9-11b8-5695-b7d1-3832480b51cf;;;;;;;;;;;;
82660247;3815;DRANGEDAL;vegadresse;;;1036;Singusdalsveien;84;;7;62;;;Singusdalsveien 84;Singusdalsveien 84;25833;6571806.14;159158.72;3750;DRANGEDAL;38150202;ÅKRE/SÆTRE;05090501;Drangedal;876991462;;;2;ÅKRE;15.06.2020 16:31:58.195;11.01.2023 23:25:35;82660247;0abb50cd-4264-5e45-999b-c158cc39735a;;;;;;;;;;;;
82660246;3815;DRANGEDAL;vegadresse;;;1031;Jerpedalsveien;22;;32;180;;;Jerpedalsveien 22;Jerpedalsveien 22;25833;6566690.8;159227.87;3750;DRANGEDAL;38150207;PRESTSTRANDA;05090501;Drangedal;876991462;3061;Preststranda;14;SOLBERG;15.06.2020 16:31:58.195;11.01.2023 23:25:35;82660246;35d0383c-885f-5a89-b5fa-cbbbf858752c;;;;;;;;;;;;
82660241;3815;DRANGEDAL;vegadresse;;;1032;Mariveien;6;;32;172;;;Mariveien 6;Mariveien 6;25833;6566554.09;159121.52;3750;DRANGEDAL;38150207;PRESTSTRANDA;05090501;Drangedal;876991462;3061;Preststranda;14;SOLBERG;15.06.2020 16:31:58.195;11.01.2023 23:25:35;82660241;bc6660c0-1690-5ccd-9fd1-a61cdabfecb4;;;;;;;;;;;;
82660240;3815;DRANGEDAL;vegadresse;;;2005;Løbbedalen;76;;24;173;;;Løbbedalen 76;Løbbedalen 76;25833;6552036.56;164943.05;3760;NESLANDSVATN;38150303;NESLANDSVATN;05090502;Kroken;976991478;3062;Neslandsvatn;9;KROKEN;15.06.2020 16:31:58.195;11.01.2023 23:25:35;82660240;ff0b72f8-2336-582d-8209-312da9818158;;;;;;;;;;;;
82660243;3815;DRANGEDAL;vegadresse;;;1032;Mariveien;4;;32;143;;;Mariveien 4;Mariveien 4;25833;6566577.67;159133.2;3750;DRANGEDAL;38150207;PRESTSTRANDA;05090501;Drangedal;876991462;3061;Preststranda;14;SOLBERG;15.06.2020 16:31:58.195;11.01.2023 23:25:35;82660243;d43df4d2-827b-53e2-af30-f7b10a4d5e84;;;;;;;;;;;;
82660242;3815;DRANGEDAL;vegadresse;;;1032;Mariveien;8;;32;176;;;Mariveien 8;Mariveien 8;25833;6566542.56;159098.87;3750;DRANGEDAL;38150207;PRESTSTRANDA;05090501;Drangedal;876991462;3061;Preststranda;14;SOLBERG;15.06.2020 16:31:58.195;11.01.2023 23:25:35;82660242;00ff7f11-9b2b-593e-96f7-36b97d05bd27;;;;;;;;;;;;
82660205;3815;DRANGEDAL;vegadresse;;;1030;Orreveien;16;;32;439;;;Orreveien 16;Orreveien 16;25833;6566305.13;159133.76;3750;DRANGEDAL;38150207;PRESTSTRANDA;05090501;Drangedal;876991462;3061;Preststranda;14;SOLBERG;15.06.2020 16:31:58.195;11.01.2023 23:25:35;82660205;c8084af6-a361-57e7-83fc-b646a15a08fb;;;;;;;;;;;;
82660204;3815;DRANGEDAL;vegadresse;;;1030;Orreveien;15;;32;1;399;;Orreveien 15;Orreveien 15;25833;6566268.32;159129.44;3750;DRANGEDAL;38150207;PRESTSTRANDA;05090501;Drangedal;876991462;3061;Preststranda;14;SOLBERG;15.06.2020 16:31:58.195;11.01.2023 23:25:35;82660204;65a8b74e-943a-5a56-b825-9ee5a5c9681f;;;;;;;;;;;;
82660207;3815;DRANGEDAL;vegadresse;;;1177;Blekaveien;2;;44;1;52;;Blekaveien 2;Blekaveien 2;25833;6563057.81;139844.74;3750;DRANGEDAL;38150102;LIA;05090503;Tørdal;976991451;;;17;BOSTRAK;15.06.2020 16:31:58.195;11.01.2023 23:25:35;82660207;2933402e-33d1-54a9-ad1e-dfec1e920331;;;;;;;;;;;;
82660201;3815;DRANGEDAL;vegadresse;;;1030;Orreveien;12;;32;138;;;Orreveien 12;Orreveien 12;25833;6566321.4;159187.51;3750;DRANGEDAL;38150207;PRESTSTRANDA;05090501;Drangedal;876991462;3061;Preststranda;14;SOLBERG;15.06.2020 16:31:58.195;11.01.2023 23:25:35;82660201;6ff3865f-d31f-538a-9fac-321051761160;;;;;;;;;;;;
82660200;3815;DRANGEDAL;vegadresse;;;1030;Orreveien;11;;32;262;;;Orreveien 11;Orreveien 11;25833;6566288.5;159195.61;3750;DRANGEDAL;38150207;PRESTSTRANDA;05090501;Drangedal;876991462;3061;Preststranda;14;SOLBERG;15.06.2020 16:31:58.195;11.01.2023 23:25:35;82660200;053907c9-832b-50e7-98c8-9351cc3652de;;;;;;;;;;;;
82660203;3815;DRANGEDAL;vegadresse;;;1030;Orreveien;14;;32;1;396;;Orreveien 14;Orreveien 14;25833;6566325.82;159160.76;3750;DRANGEDAL;38150207;PRESTSTRANDA;05090501;Drangedal;876991462;3061;Preststranda;14;SOLBERG;15.06.2020 16:31:58.195;11.01.2023 23:25:35;82660203;954c7220-cf0d-5052-9073-20882476c601;;;;;;;;;;;;
82660202;3815;DRANGEDAL;vegadresse;;;1030;Orreveien;13;;32;1;395;;Orreveien 13;Orreveien 13;25833;6566279.95;159167.69;3750;DRANGEDAL;38150207;PRESTSTRANDA;05090501;Drangedal;876991462;3061;Preststranda;14;SOLBERG;15.06.2020 16:31:58.195;11.01.2023 23:25:35;82660202;a09ac7e1-7039-5621-a514-8f75d9a75a78;;;;;;;;;;;;
82660197;3815;DRANGEDAL;vegadresse;;;1030;Orreveien;8;;32;1;413;;Orreveien 8;Orreveien 8;25833;6566346.14;159249.87;3750;DRANGEDAL;38150207;PRESTSTRANDA;05090501;Drangedal;876991462;3061;Preststranda;14;SOLBERG;15.06.2020 16:31:58.195;11.01.2023 23:25:35;82660197;f55ba4c9-de65-5315-a41d-ebf4dc60baf1;;;;;;;;;;;;
82660196;3815;DRANGEDAL;vegadresse;;;1029;Mikkels vei;17;;32;447;;;Mikkels vei 17;Mikkels vei 17;25833;6566266.8;159280.12;3750;DRANGEDAL;38150207;PRESTSTRANDA;05090501;Drangedal;876991462;3061;Preststranda;14;SOLBERG;15.06.2020 16:31:58.195;11.01.2023 23:25:35;82660196;c1a28ae6-97a5-5500-a9ef-38476605906c;;;;;;;;;;;;
82660199;3815;DRANGEDAL;vegadresse;;;1030;Orreveien;10;;32;1;409;;Orreveien 10;Orreveien 10;25833;6566332.22;159223.68;3750;DRANGEDAL;38150207;PRESTSTRANDA;05090501;Drangedal;876991462;3061;Preststranda;14;SOLBERG;15.06.2020 16:31:58.195;11.01.2023 23:25:35;82660199;29f7d94f-619b-5987-b036-eaf5c874c4f9;;;;;;;;;;;;
82660198;3815;DRANGEDAL;vegadresse;;;1030;Orreveien;9;;32;485;;;Orreveien 9;Orreveien 9;25833;6566308.77;159271.84;3750;DRANGEDAL;38150207;PRESTSTRANDA;05090501;Drangedal;876991462;3061;Preststranda;14;SOLBERG;15.06.2020 16:31:58.195;11.01.2023 23:25:35;82660198;4646ed03-0371-51d3-86df-9117f5c648e7;;;;;;;;;;;;
82660193;3815;DRANGEDAL;vegadresse;;;1030;Orreveien;4;B;32;1;463;;Orreveien 4B;Orreveien 4B;25833;6566363.74;159311.19;3750;DRANGEDAL;38150207;PRESTSTRANDA;05090501;Drangedal;876991462;3061;Preststranda;14;SOLBERG;15.06.2020 16:31:58.195;11.01.2023 23:25:35;82660193;85dbffc9-74f3-5028-9250-5c961a6fd570;;;;;;;;;;;;
82660192;3815;DRANGEDAL;vegadresse;;;1030;Orreveien;4;A;32;1;463;;Orreveien 4A;Orreveien 4A;25833;6566358.79;159301.39;3750;DRANGEDAL;38150207;PRESTSTRANDA;05090501;Drangedal;876991462;3061;Preststranda;14;SOLBERG;15.06.2020 16:31:58.195;11.01.2023 23:25:35;82660192;901098c1-240b-56a4-9974-14f51b41a485;;;;;;;;;;;;
82660195;3815;DRANGEDAL;vegadresse;;;1030;Orreveien;6;;32;491;;;Orreveien 6;Orreveien 6;25833;6566350.57;159276.62;3750;DRANGEDAL;38150207;PRESTSTRANDA;05090501;Drangedal;876991462;3061;Preststranda;14;SOLBERG;15.06.2020 16:31:58.195;11.01.2023 23:25:35;82660195;42295c15-8cc9-5a62-95bb-bc90e7004c89;;;;;;;;;;;;
82660194;3815;DRANGEDAL;vegadresse;;;1030;Orreveien;5;;32;1;433;;Orreveien 5;Orreveien 5;25833;6566315.68;159306.65;3750;DRANGEDAL;38150207;PRESTSTRANDA;05090501;Drangedal;876991462;3061;Preststranda;14;SOLBERG;15.06.2020 16:31:58.195;11.01.2023 23:25:35;82660194;64f020d7-6ea2-5934-809e-6687322e7490;;;;;;;;;;;;
82660221;3815;DRANGEDAL;vegadresse;;;1178;Brattsbergfjellet;56;;44;2;105;;Brattsbergfjellet 56;Brattsbergfjellet 56;25833;6562485.21;138566.21;3750;DRANGEDAL;38150102;LIA;05090503;Tørdal;976991451;;;17;BOSTRAK;15.06.2020 16:31:58.195;11.01.2023 23:25:35;82660221;5fff2ff9-d05c-523d-b6fc-77256ab3ec76;;;;;;;;;;;;
82660220;3815;DRANGEDAL;vegadresse;;;1171;Kvitbergveien;9;;44;42;;;Kvitbergveien 9;Kvitbergveien 9;25833;6563897.42;140347.84;3750;DRANGEDAL;38150102;LIA;05090503;Tørdal;976991451;;;17;BOSTRAK;15.06.2020 16:31:58.195;11.01.2023 23:25:35;82660220;37f5b3b6-c823-505b-8b1a-e4be95acbd05;;;;;;;;;;;;
82660223;3815;DRANGEDAL;vegadresse;;;1129;Kleppeveien;344;;48;117;;;Kleppeveien 344;Kleppeveien 344;25833;6572051.51;143108.68;3753;TØRDAL;38150103;BØ;05090503;Tørdal;976991451;;;21;TØRDAL;15.06.2020 16:31:58.195;11.01.2023 23:25:35;82660223;a6ac1fea-b2f2-5837-9ea0-1fcbcfa5d746;;;;;;;;;;;;
82660222;3815;DRANGEDAL;vegadresse;;;1178;Brattsbergfjellet;34;;44;2;106;;Brattsbergfjellet 34;Brattsbergfjellet 34;25833;6562431.87;138789.69;3750;DRANGEDAL;38150102;LIA;05090503;Tørdal;976991451;;;17;BOSTRAK;15.06.2020 16:31:58.195;11.01.2023 23:25:35;82660222;77054d3f-aa23-5f6a-8d20-59dfdb5f9a6b;;;;;;;;;;;;
82660216;3815;DRANGEDAL;vegadresse;;;1016;Lauvåsen;37;B;32;155;;;Lauvåsen 37B;Lauvåsen 37B;25833;6565402.18;159981.4;3750;DRANGEDAL;38150207;PRESTSTRANDA;05090501;Drangedal;876991462;3061;Preststranda;14;SOLBERG;15.06.2020 16:31:58.195;11.01.2023 23:25:35;82660216;0098cb78-2f3b-5530-ad29-e25cb5bd8270;;;;;;;;;;;;
82660218;3815;DRANGEDAL;vegadresse;;;1129;Kleppeveien;6;;48;116;;;Kleppeveien 6;Kleppeveien 6;25833;6573245.83;146422.35;3753;TØRDAL;38150103;BØ;05090503;Tørdal;976991451;;;21;TØRDAL;15.06.2020 16:31:58.195;11.01.2023 23:25:35;82660218;ab7b3077-1217-50f9-ba93-461ee45c731a;;;;;;;;;;;;
82660213;3815;DRANGEDAL;vegadresse;;;1078;Jordbudalen;17;;25;153;;;Jordbudalen 17;Jordbudalen 17;25833;6552103.55;166112.66;3760;NESLANDSVATN;38150302;HELLDØLA;05090502;Kroken;976991478;;;9;KROKEN;15.06.2020 16:31:58.195;11.01.2023 23:25:35;82660213;6ea40426-3a31-5efe-9807-9a139b2aed24;;;;;;;;;;;;
82660212;3815;DRANGEDAL;vegadresse;;;1012;Skoleveien;2;;32;1;76;;Skoleveien 2;Skoleveien 2;25833;6566158.82;159786.2;3750;DRANGEDAL;38150207;PRESTSTRANDA;05090501;Drangedal;876991462;3061;Preststranda;14;SOLBERG;15.06.2020 16:31:58.195;11.01.2023 23:25:35;82660212;f9b4bda4-3246-5a1c-84ac-f1bfb05c344c;;;;;;;;;;;;
82660215;3815;DRANGEDAL;vegadresse;;;1175;Langmyråsen;3;;44;1;23;;Langmyråsen 3;Langmyråsen 3;25833;6562912.47;139872.86;3750;DRANGEDAL;38150102;LIA;05090503;Tørdal;976991451;;;17;BOSTRAK;15.06.2020 16:31:58.195;11.01.2023 23:25:35;82660215;95a67cbf-1689-5a1f-9ea2-42478ebf063a;;;;;;;;;;;;
82660214;3815;DRANGEDAL;vegadresse;;;1257;Langmyrveien;16;;44;1;24;;Langmyrveien 16;Langmyrveien 16;25833;6562740.37;139624.54;3750;DRANGEDAL;38150102;LIA;05090503;Tørdal;976991451;;;17;BOSTRAK;15.06.2020 16:31:58.195;11.01.2023 23:25:35;82660214;a0404a11-ea15-538c-9865-1a53b0072170;;;;;;;;;;;;
82660209;3815;DRANGEDAL;vegadresse;;;1247;Lundtveit;49;;24;17;;;Lundtveit 49;Lundtveit 49;25833;6552731.15;164335.29;3760;NESLANDSVATN;38150303;NESLANDSVATN;05090502;Kroken;976991478;;;9;KROKEN;15.06.2020 16:31:58.195;11.01.2023 23:25:35;82660209;452d538e-69ca-5649-850c-726fd1db6a59;;;;;;;;;;;;
